Date,Open,High,Low,Close,Volume
01-03-2012,321.5,332.83,324.97,663.59,"73,80,500"
01-04-2012,322,333.87,329.08,666.45,"57,49,400"
01-05-2012,320.05,330.75,326.89,657.21,"65,90,300"
01-06-2012,329.4,328.77,323.68,648.24,"54,05,900"
01-09-2012,326.6,322.29,309.46,620.76,"1,16,88,800"
01-10-2012,319.65,315.72,307.3,621.43,"88,24,000"
01-11-2012,320,313.52,309.4,624.25,"48,17,800"
01-12-2012,318.3,315.26,312.08,627.92,"37,64,400"
1/13/2012,322.7,312.3,309.37,623.28,"46,31,800"
1/17/2012,322.9,314.81,311.67,626.86,"38,32,800"
1/18/2012,319.8,315.82,309.9,631.18,"55,44,000"
1/19/2012,318.5,319.3,314.55,637.82,"1,26,57,800"
1/20/2012,335.65,294.4,289.76,584.39,"2,12,31,800"
1/23/2012,338.65,293.23,290.49,583.92,"68,51,300"
1/24/2012,353.15,292.74,287.92,579.34,"61,34,400"
1/25/2012,369.75,288.27,282.13,567.93,"1,00,12,700"
1/26/2012,389.35,286.17,281.22,566.54,"64,76,500"
1/27/2012,398.6,289.08,283.6,578.39,"72,62,000"
1/30/2012,378.95,288.92,285.63,576.11,"46,78,400"
1/31/2012,370.05,290.91,286.5,578.52,"43,00,700"
02-01-2012,361.75,291.66,288.49,579.24,"46,58,700"
02-02-2012,366.65,292.11,289.95,583.51,"48,47,400"
02-03-2012,369.35,297.42,292.93,594.7,"63,60,700"
02-06-2012,359.65,304.27,295.9,607.42,"73,86,700"
02-07-2012,361.8,303.56,300.75,605.11,"41,99,700"
02-08-2012,360.55,304.53,301.24,608.18,"36,86,400"
02-09-2012,360.4,306.1,303.36,609.79,"45,46,300"
02-10-2012,362.5,302.93,300.87,604.25,"46,67,700"
2/13/2012,373.3,305.77,303.87,610.52,"36,46,100"
2/14/2012,378.55,304.86,301.25,608.09,"36,20,900"
2/15/2012,374,305.32,300.15,603.9,"48,69,900"
2/16/2012,381.1,303.27,297.75,604.86,"50,80,700"
2/17/2012,377.65,302.68,300.08,602.98,"49,16,400"
2/21/2012,372.85,307.79,300.31,612.32,"49,80,100"
2/22/2012,374,307.24,302.22,606.28,"39,48,700"
2/23/2012,378,302.83,299.05,604.45,"41,25,300"
2/24/2012,381.35,304.68,301.62,608.23,"38,85,600"
2/27/2012,384.65,305.04,301.4,607.64,"36,41,300"
2/28/2012,380.05,308.73,302.71,616.7,"57,16,400"
2/29/2012,381.3,311.63,306.6,616.56,"62,97,200"
03-01-2012,379.3,311.68,307.92,620.7,"44,92,000"
03-02-2012,379.7,310.83,309,619.55,"31,58,300"
03-05-2012,380.65,310.08,304.55,612.57,"31,98,400"
03-06-2012,379.1,303.27,295.81,603.3,"63,72,500"
03-07-2012,377.35,304.45,301.8,605.14,"25,38,400"
03-08-2012,375.15,304.61,302.04,605.48,"27,00,900"
03-09-2012,377.3,304.81,298.88,598.61,"53,61,100"
03-12-2012,381.45,302.37,298.51,603.49,"33,50,400"
3/13/2012,382.45,307.77,301.64,616.09,"45,08,300"
3/14/2012,388.85,310.23,305.58,614.3,"58,95,700"
3/15/2012,386.35,310.59,306.27,619.43,"48,88,300"
3/16/2012,373.95,311.79,308.87,623.33,"61,23,800"
3/19/2012,383.6,317.45,309.46,632.24,"43,61,800"
3/20/2012,384.4,316.84,312.46,631.76,"30,92,400"
3/21/2012,380.75,322.49,315.07,638.23,"49,57,600"
3/22/2012,370.45,323.19,314.32,644.28,"48,38,400"
3/23/2012,375.35,323.04,319.25,640.83,"38,94,800"
3/26/2012,371.75,323.53,318.58,647.55,"36,51,900"
3/27/2012,368.45,325.53,321.2,645.25,"40,29,400"
3/28/2012,375.3,328.07,324.32,653.96,"50,96,700"
3/29/2012,369.9,327.07,320.95,646.63,"38,62,900"
3/30/2012,370.05,325.52,319.3,639.48,"46,38,700"
04-02-2012,370.25,322.54,316.23,645.15,"45,85,400"
04-03-2012,373.05,322.77,318.13,640.86,"41,05,000"
04-04-2012,371.65,318.31,314.37,633.41,"32,67,300"
04-05-2012,369.6,317.03,313.11,630.59,"46,54,700"
04-09-2012,368.75,316.48,311.48,629.11,"43,81,600"
04-10-2012,362.65,316.07,311.11,625.14,"49,82,500"
04-11-2012,367.2,316.81,314.47,634.22,"44,14,300"
04-12-2012,362.9,325.35,318.93,649.23,"1,15,56,300"
4/13/2012,348.7,323.28,310.61,622.89,"1,63,79,700"
4/16/2012,350.1,310.74,299.71,604.41,"1,14,26,700"
4/17/2012,352.05,307.69,302.37,607.9,"60,70,400"
4/18/2012,365.45,305.26,300.28,605.79,"53,58,900"
4/19/2012,362.3,306.98,298.38,597.66,"66,13,800"
4/20/2012,355.8,303.29,296.8,594.43,"61,39,700"
4/23/2012,358.05,298.11,294,595.96,"44,11,900"
4/24/2012,356.6,302.18,297.54,599.62,"38,72,600"
4/25/2012,352.8,304.53,300.31,608.05,"36,55,800"
4/26/2012,338.6,307.85,303.71,613.78,"42,00,600"
4/27/2012,344.8,307.22,304.16,613.3,"32,84,900"
4/30/2012,350.2,306.89,299.18,603.19,"48,32,600"
05-01-2012,361.15,304.66,298.97,602.78,"40,19,600"
05-02-2012,351.7,302.92,299.18,605.6,"32,35,000"
05-03-2012,354.55,306.27,303.34,609.35,"37,49,900"
05-04-2012,350,302.81,297.29,595.34,"44,31,300"
05-07-2012,350.75,304.14,296.39,605.89,"40,03,800"
05-08-2012,348.75,307.3,299.23,611.11,"53,74,600"
05-09-2012,346.5,307.04,299.78,607.48,"46,75,000"
05-10-2012,358.25,306.94,303.98,611.98,"30,83,200"
05-11-2012,365.65,306.13,301.26,603.57,"42,14,400"
5/14/2012,361.25,303.11,299.17,602.35,"36,62,400"
5/15/2012,363.85,306.35,300.75,609.44,"42,19,900"
5/16/2012,365.2,313.87,306.82,627.21,"97,06,300"
5/17/2012,363.15,317.73,309.46,621.34,"67,32,700"
5/18/2012,381.85,315.03,297.24,598.76,"1,19,91,700"
5/21/2012,383.7,306.7,298.88,612.43,"61,73,800"
5/22/2012,379.95,305.76,296.89,599.16,"61,26,600"
5/23/2012,376.65,303.66,297.45,607.79,"63,79,900"
5/24/2012,365,304.82,298.32,602.01,"37,96,600"
5/25/2012,361.45,299.74,293.04,589.91,"71,90,500"
5/29/2012,360.25,298.45,293.06,592.71,"52,30,900"
5/30/2012,357.3,294.84,290.68,586.62,"38,27,600"
5/31/2012,362.45,293.9,288.42,579.27,"59,58,800"
06-01-2012,351.35,285.26,283.11,569.42,"61,38,700"
06-04-2012,348.45,289.16,283.94,577.01,"48,83,500"
06-05-2012,350.55,287.99,282.18,568.85,"46,97,200"
06-06-2012,351.85,289.9,285.73,578.98,"42,07,200"
06-07-2012,351.35,292.85,287.55,576.65,"35,30,100"
06-08-2012,354.3,289.42,286.22,578.86,"28,31,300"
06-11-2012,367.3,291.57,282.29,566.94,"53,42,100"
06-12-2012,366.15,284.09,278.25,563.55,"64,72,500"
6/13/2012,359.2,282.44,278.3,559.55,"39,23,000"
6/14/2012,347.55,281.48,277.22,557.52,"47,07,200"
6/15/2012,339.75,281.21,277.5,562.96,"60,24,800"
6/18/2012,337.4,286.03,278.58,569.29,"50,12,400"
6/19/2012,339.2,291.05,285.49,579.94,"41,67,900"
6/20/2012,344.35,288.92,285.68,575.93,"47,10,800"
6/21/2012,339,288.84,280.81,563.66,"40,37,600"
6/22/2012,332.4,284.67,281.85,569.92,"44,72,400"
6/25/2012,320.85,282.98,277.63,559.16,"31,74,900"
6/26/2012,311.8,282.24,278.7,563.13,"27,10,500"
6/27/2012,306.4,285.92,281.95,567.74,"33,97,200"
6/28/2012,320,282.06,277.56,562.76,"38,56,100"
6/29/2012,327.65,288.98,285.03,578.48,"50,57,800"
07-02-2012,327.5,290.41,287.17,578.88,"33,23,300"
07-03-2012,339.15,293.11,287.92,586.22,"23,87,800"
07-05-2012,342.3,298.91,293.17,594.29,"47,09,200"
07-06-2012,335.9,295.65,290.32,584.38,"43,39,700"
07-09-2012,332.25,293.2,289.54,584.41,"34,43,000"
07-10-2012,328.1,295.11,288.29,580.11,"38,60,500"
07-11-2012,327.15,287.85,281.42,569.63,"70,24,700"
07-12-2012,317.8,284.9,280,568.92,"46,36,800"
7/13/2012,316.8,288.49,283.21,574.94,"39,66,700"
7/16/2012,319.7,288.51,284.82,573.35,"29,36,100"
7/17/2012,337.3,289.25,283.14,575.15,"33,72,700"
7/18/2012,329.95,290.76,286.99,579.17,"31,07,900"
7/19/2012,324.6,298.12,291.91,591.44,"93,84,300"
7/20/2012,323.85,305.33,297.97,609.15,"1,29,75,800"
7/23/2012,326.1,308.02,298.01,613.82,"71,50,000"
7/24/2012,327.45,307.81,301.04,605.91,"40,33,800"
7/25/2012,325.8,305.54,301.55,606.33,"36,59,600"
7/26/2012,325.15,307.28,303.88,611.68,"33,82,900"
7/27/2012,325.55,316.31,307.6,633.22,"71,25,900"
7/30/2012,317.85,320.1,313.57,630.57,"43,89,700"
7/31/2012,317.25,317.06,312.94,631.24,"37,45,100"
08-01-2012,318.2,318.56,314.51,630.95,"37,02,900"
08-02-2012,318.45,317.82,310.54,627.03,"39,70,100"
08-03-2012,356.15,320.66,316.88,639.57,"38,08,300"
08-06-2012,348.65,323.48,318.42,641.06,"35,78,000"
08-07-2012,338,320.93,317.05,638.79,"39,78,300"
08-08-2012,336.5,321.73,318.06,640.47,"26,54,200"
08-09-2012,335,321.98,319.56,640.59,"21,48,500"
08-10-2012,328.4,319.92,316.88,640.24,"28,79,800"
8/13/2012,334.8,328.84,322.13,658.2,"65,60,200"
8/14/2012,344.35,335.17,328.27,666.83,"73,50,800"
8/15/2012,342.4,335.87,330.81,665.71,"48,39,400"
8/16/2012,346.45,336.06,332.29,671.03,"34,48,200"
8/17/2012,350,337.36,334.6,675.29,"43,71,600"
8/20/2012,350.15,338.17,335.07,673.69,"35,29,300"
8/21/2012,353,337.73,329.85,667.68,"44,61,000"
8/22/2012,354.1,339.03,332.11,675.33,"38,32,600"
8/23/2012,353,338.97,334.25,674.95,"35,81,700"
8/24/2012,348.7,338.95,335.78,676.77,"28,63,800"
8/27/2012,352.9,334.75,328.39,667.39,"52,46,900"
8/28/2012,355.1,337.54,331.13,675.4,"41,32,600"
8/29/2012,345.5,343.21,336.81,686.13,"60,02,900"
8/30/2012,346.3,342.41,338.82,679.81,"32,65,900"
8/31/2012,354.75,343,338.75,683.21,"42,70,000"
09-04-2012,352.1,341.22,335.49,679.18,"37,93,200"
09-05-2012,352.3,341.97,338.3,678.86,"34,29,100"
09-06-2012,350.9,348.64,341.09,697.49,"61,09,700"
09-07-2012,350.3,354.8,347.53,704.22,"64,90,100"
09-10-2012,347.5,355.07,347.89,698.85,"51,39,100"
09-11-2012,342.4,349.02,344.21,690.29,"37,61,500"
09-12-2012,340.45,346.16,339.17,688.99,"53,04,300"
9/13/2012,336.7,353.18,343.98,704.11,"53,37,900"
9/14/2012,343.25,355.17,352.18,707.74,"52,56,500"
9/17/2012,334.65,355.11,351.18,708.04,"30,27,800"
9/18/2012,353.25,357.99,352.07,716.31,"41,49,000"
9/19/2012,356,362.92,356.87,725.51,"62,19,700"
9/20/2012,361.55,364.32,359.26,726.13,"58,36,500"
9/21/2012,365.2,366.09,363.7,731.98,"1,27,65,800"
9/24/2012,365.45,373.62,363.76,747.33,"71,54,200"
9/25/2012,365.8,381.02,372.43,747.11,"1,21,62,400"
9/26/2012,364.35,379.2,369.12,751.4,"1,13,88,200"
9/27/2012,354.6,380,374.42,754.43,"78,91,600"
9/28/2012,348.7,378.23,374.17,752.43,"55,87,700"
10-01-2012,345.55,381.07,376.69,759.69,"63,59,700"
10-02-2012,349.05,381.56,373.73,754.92,"56,01,200"
10-03-2012,349.15,380.53,374.7,760.41,"44,33,100"
10-04-2012,350.6,383.51,378.28,765.95,"49,26,700"
10-05-2012,346.6,385.74,381.08,765.55,"54,92,200"
10-08-2012,349.6,380.36,375.67,755.77,"39,31,800"
10-09-2012,352.1,379.24,369.88,742.05,"60,28,900"
10-10-2012,351.55,372.37,367.77,742.52,"40,95,000"
10-11-2012,351.6,377.83,373.74,749.42,"47,85,600"
10-12-2012,355.55,376.03,370.66,742.71,"48,26,400"
10/15/2012,351.6,370.53,363.99,738.95,"60,60,700"
10/16/2012,350.3,372.1,366.85,742.66,"41,31,800"
10/17/2012,349.7,376.76,368.75,753.42,"46,02,900"
10/18/2012,353.75,378.29,336.74,693.1,"2,49,77,900"
10/19/2012,354.45,352.03,334.75,679.92,"2,30,50,400"
10/22/2012,352.75,341.04,333.6,676.81,"81,41,500"
10/23/2012,350.05,342.38,334.75,678.49,"58,55,000"
10/24/2012,354.2,342.22,336.37,675.45,"50,11,600"
10/25/2012,364.65,339.73,335.5,675.9,"48,20,100"
10/26/2012,366.35,340.24,334.35,673.3,"39,16,200"
10/31/2012,354.55,339.23,336.24,678.44,"30,85,400"
11-01-2012,346.8,344.16,338.09,685.71,"41,15,500"
11-02-2012,346.25,346.48,342.4,686.04,"46,66,100"
11-05-2012,336.4,342.15,336.52,681.09,"32,83,900"
11-06-2012,331.4,341.97,337.51,679.85,"31,77,300"
11-07-2012,325.1,337.85,332,665.29,"44,81,200"
11-08-2012,327.55,334.49,324.4,650.5,"52,13,300"
11-09-2012,333.2,332.92,323.94,661.21,"62,51,500"
11-12-2012,335.3,333.65,329.2,664.08,"28,22,300"
11/13/2012,341.3,332.55,327.89,657.25,"32,00,200"
11/14/2012,341.5,329.85,324.04,650.76,"33,49,200"
11/15/2012,337.2,328.77,320.75,645.49,"37,11,500"
11/16/2012,345.85,325.29,316.81,645.41,"69,02,000"
11/19/2012,354.65,333.21,326.54,666.38,"47,54,100"
11/20/2012,356.75,337.73,331.04,668.14,"41,92,900"
11/21/2012,353.5,333.65,328.97,664.05,"42,40,200"
11/23/2012,346.85,333.75,331.81,666.14,"18,51,800"
11/26/2012,342.4,332.25,328.28,659.34,"44,25,700"
11/27/2012,335.35,336.24,327.77,668.87,"50,36,100"
11/28/2012,341.55,341.18,330.71,681.8,"61,06,700"
11/29/2012,352.95,345.65,339.73,690,"55,73,700"
11/30/2012,350.25,348.3,341.56,696.46,"63,50,800"
12-03-2012,339.6,351.63,345.76,693.35,"44,01,300"
12-04-2012,340.15,346.46,341.57,689.14,"39,98,200"
12-05-2012,342.4,345.95,339.89,685.94,"37,38,700"
12-06-2012,338.2,346.51,340.98,689.24,"29,35,500"
12-07-2012,341.1,347.14,339.94,682.34,"38,52,900"
12-10-2012,340.4,344.53,340.62,683.54,"27,43,600"
12-11-2012,339.9,349.65,342.58,694.97,"53,95,200"
12-12-2012,338.4,350.44,345.45,695.65,"48,70,100"
12/13/2012,333.35,356.9,348.47,700.78,"69,15,500"
12/14/2012,333.45,352.59,347.91,700.04,"42,76,100"
12/17/2012,333.1,359.61,350.7,718.81,"60,93,400"
12/18/2012,327.9,363.19,356.19,719.1,"60,32,300"
12/19/2012,322.55,360.15,357,718.14,"38,51,500"
12/20/2012,327.05,360.97,357.15,720.38,"33,26,400"
12/21/2012,313.5,358.07,353.93,713.67,"70,78,300"
12/24/2012,309.2,356.25,352.41,707.56,"16,88,000"
12/26/2012,303.55,355.11,349.89,706.93,"23,73,500"
12/27/2012,313,353.1,348,704.36,"33,07,000"
12/28/2012,313.05,352.14,348.7,698.09,"28,14,500"
12/31/2012,314.85,353.96,346.7,705.44,"40,09,600"
01-02-2013,311.8,362.14,356.94,721.27,"51,01,500"
01-03-2013,304.9,364.6,359.01,721.69,"46,53,700"
01-04-2013,302.15,369.35,362.48,735.95,"55,47,600"
01-07-2013,298.75,368.31,363.93,732.74,"33,23,800"
01-08-2013,297.95,366.78,360.86,731.29,"33,64,700"
01-09-2013,301.35,367.8,362.94,736.1,"40,64,500"
01-10-2013,299.4,371.11,365.38,739.45,"36,85,000"
01-11-2013,302.65,369.83,366.78,737.96,"25,79,900"
1/14/2013,296.05,369.71,359.83,721.27,"57,49,200"
1/15/2013,302.25,366.13,354.72,722.95,"78,84,700"
1/16/2013,305.45,360.82,355.5,713.23,"40,61,900"
1/17/2013,305.25,358.48,354.18,709.37,"44,39,500"
1/18/2013,304.25,355.05,349.36,702.58,"64,77,700"
1/22/2013,301.9,351.35,346.46,700.95,"76,13,100"
1/23/2013,308.95,373.1,366.52,739.47,"1,18,62,400"
1/24/2013,310,377,368.87,752.15,"67,90,600"
1/25/2013,310.1,377.82,373.72,751.61,"44,68,400"
1/28/2013,301.8,376.39,372.55,748.67,"32,66,300"
1/29/2013,304.95,377.06,371.88,751.62,"35,07,200"
1/30/2013,304.25,379.05,375.05,751.77,"34,78,900"
1/31/2013,306,377.4,373.72,753.62,"32,80,500"
02-01-2013,305.9,386.85,377.63,773.48,"75,20,100"
02-04-2013,303.3,383.8,377.72,756.94,"61,03,700"
02-05-2013,306.35,384.12,378.32,763.64,"37,55,300"
02-06-2013,301.8,385.04,377.83,768.06,"41,71,700"
02-07-2013,300.8,387.95,381.32,771.83,"57,01,600"
02-08-2013,298.8,391.87,388.32,783.22,"60,62,700"
02-11-2013,294,390.04,385.43,780.28,"43,51,800"
02-12-2013,300.6,392.48,388.23,778.56,"37,31,900"
2/13/2013,302.45,391.21,388.53,780.72,"24,05,200"
2/14/2013,305.05,392.9,387.43,785.66,"34,83,500"
2/15/2013,298.2,395.15,392.07,790.72,"54,80,000"
2/19/2013,300.25,401.99,396.16,804.64,"58,85,500"
2/20/2013,299.9,402.97,394.42,790.29,"55,49,000"
2/21/2013,296.1,401.22,394.13,793.35,"70,39,000"
2/22/2013,302.05,399.13,395.42,797.52,"41,23,100"
2/25/2013,303.15,402.7,393.77,788.6,"46,25,000"
2/26/2013,303.15,396.49,390.74,787.97,"44,21,500"
2/27/2013,306.1,400.87,394.08,797.59,"40,67,300"
2/28/2013,303.85,401.99,399.02,799.01,"45,48,500"
03-01-2013,302.75,402.06,396.59,803.98,"43,67,000"
03-04-2013,303.85,409.88,401,819.25,"55,71,900"
03-05-2013,302.65,418.51,412.9,836.3,"81,18,400"
03-06-2013,302.95,420.42,412.86,829.1,"57,67,400"
03-07-2013,300.95,416.75,413.24,830.32,"41,20,700"
03-08-2013,297.75,415.9,410.98,829.24,"58,45,600"
03-11-2013,302.85,418.28,414.2,832.53,"32,01,200"
03-12-2013,304.35,414.39,410.3,825.34,"40,31,600"
3/13/2013,306.15,413.79,409.62,823.05,"32,94,800"
3/14/2013,309,411.95,407.17,819.29,"33,14,700"
3/15/2013,338.75,408.62,405.15,812.07,"62,22,500"
3/18/2013,329.2,404.86,399.24,805.58,"36,90,300"
3/19/2013,327.9,408.1,401.72,809.1,"42,12,000"
3/20/2013,325.85,407.23,404.2,812.48,"29,38,500"
3/21/2013,330.85,406.93,403.41,809.04,"29,66,200"
3/22/2013,332.25,406.1,403.31,808.09,"29,87,400"
3/25/2013,321.7,408.09,401.9,807.42,"34,36,800"
3/26/2013,321.45,405.48,402.39,810.2,"23,92,600"
3/27/2013,312.1,401.99,399.17,800.46,"43,42,500"
3/28/2013,308.5,401.18,395.17,792.02,"45,92,600"
04-01-2013,312,399.63,395.14,799,"36,28,100"
04-02-2013,311.55,405.89,400.5,810.81,"40,98,200"
04-03-2013,305.5,405.58,398.84,803.99,"34,89,900"
04-04-2013,295.1,401.37,394.17,792.89,"49,13,400"
04-05-2013,298.6,392.03,386.75,780.91,"68,93,400"
04-08-2013,292.25,388.32,382.77,772.73,"56,85,300"
04-09-2013,292.75,390.41,385.11,775.52,"43,30,700"
04-10-2013,301.8,394.7,386.55,788.02,"39,71,900"
04-11-2013,305.65,395.07,390.57,788.23,"40,72,500"
04-12-2013,300.2,394.57,390,787.89,"32,85,500"
4/15/2013,300.9,397.01,387.06,779.79,"49,24,500"
4/16/2013,303.05,396.51,390.5,791.2,"34,96,900"
4/17/2013,302.5,393.94,387.6,780.42,"40,89,100"
4/18/2013,302.65,391.43,379.21,763.81,"66,69,800"
4/19/2013,302.4,400.22,381.7,797.68,"1,16,49,800"
4/22/2013,299.25,400.48,386.05,797.92,"57,88,300"
4/23/2013,299.35,406.23,398.69,805.69,"46,01,600"
4/24/2013,287.85,407.47,402.49,811.22,"36,71,800"
4/25/2013,284.7,406.71,402.31,806.88,"39,99,200"
4/26/2013,279.15,402.36,396.8,799.23,"49,93,900"
4/29/2013,282.1,409.81,400,816.82,"46,18,800"
4/30/2013,273.2,412.27,407.31,822.31,"46,30,600"
05-01-2013,271.15,410.82,406.66,818.18,"29,20,800"
05-02-2013,272.9,415.72,408,827.34,"40,51,600"
05-03-2013,272.35,421.82,416.44,843.4,"50,44,000"
05-06-2013,271.75,429.32,422.55,859.19,"42,98,500"
05-07-2013,268.65,430.32,423.75,854.88,"39,32,600"
05-08-2013,264.7,435.31,424.86,871.24,"49,55,000"
05-09-2013,259.8,438.19,432.49,869.09,"44,17,600"
05-10-2013,256.2,438.63,434.45,877.82,"38,09,500"
5/13/2013,249.45,439.59,435.06,875.13,"29,07,700"
5/14/2013,240.4,442.69,436.93,884.67,"31,70,300"
5/15/2013,235.6,456.48,445.34,913.38,"80,01,600"
5/16/2013,235.5,458.27,449.32,901.4,"64,43,200"
5/17/2013,244.8,455.04,448.58,906.69,"56,04,800"
5/20/2013,248.85,458.58,450.81,906.04,"45,62,300"
5/21/2013,249.5,454.13,447.13,904.49,"39,80,700"
5/22/2013,251.2,452.96,441.78,886.98,"51,40,300"
5/23/2013,253.55,443.32,435.37,880.37,"45,67,200"
5/24/2013,253,437.77,433.88,870.93,"46,10,700"
5/28/2013,254.5,444.4,438.56,878.86,"45,31,900"
5/29/2013,254.35,437.36,430.53,865.93,"40,41,800"
5/30/2013,253.85,437.81,431.59,868.38,"42,57,200"
5/31/2013,255.8,436.86,432.14,868.83,"39,53,500"
06-03-2013,252.95,435.35,425.91,865.25,"49,69,900"
06-04-2013,253.85,433.67,425.44,856.75,"37,51,100"
06-05-2013,257.25,433.1,426.96,857.35,"42,29,300"
06-06-2013,260.1,431.55,422.03,862.27,"51,77,400"
06-07-2013,262.35,438.36,431.04,877.32,"53,69,200"
06-10-2013,275.85,443.84,438.4,887.78,"46,93,000"
06-11-2013,276.1,441.84,438.12,877.4,"35,28,300"
06-12-2013,260.3,441.35,433.2,869.59,"44,26,100"
6/13/2013,262.05,438.19,431.13,874.6,"41,55,200"
6/14/2013,272.85,440.7,435.43,872.64,"45,06,700"
6/17/2013,278.85,443.05,437.5,883.82,"43,08,500"
6/18/2013,279.55,448.82,442.52,898.15,"43,50,000"
6/19/2013,281.3,453.72,447.07,898.21,"58,53,600"
6/20/2013,275.45,448.82,440.01,882.32,"67,69,200"
6/21/2013,274.35,443.28,434.9,878.52,"79,94,300"
6/24/2013,279.7,436.52,430.01,867.41,"60,56,300"
6/25/2013,279,438.2,430.64,863.83,"51,25,500"
6/26/2013,282.7,437.36,433.66,871.26,"36,76,400"
6/27/2013,289.45,440.69,436.69,874.67,"38,67,300"
6/28/2013,291.55,439.27,435.46,877.96,"47,16,100"
07-01-2013,300.95,444.37,440.85,885.45,"34,62,400"
07-02-2013,298.55,443.84,437,879.89,"37,97,000"
07-03-2013,299.95,442.92,437.61,884,"21,01,700"
07-05-2013,291.3,446.03,442.01,891.04,"34,16,500"
07-08-2013,287.9,451.44,446.87,902.61,"39,53,700"
07-09-2013,283.1,454.77,447.31,902.76,"39,73,500"
07-10-2013,272.5,453.87,448.51,903.51,"34,29,500"
07-11-2013,283.05,458.69,452.56,917.72,"51,87,700"
07-12-2013,280.3,459.78,455.91,920.47,"51,55,600"
7/15/2013,280.4,462.27,456.47,922.16,"39,35,600"
7/16/2013,282.05,462.25,455.24,917.09,"39,80,700"
7/17/2013,287.95,461.7,456.44,916.04,"30,23,400"
7/18/2013,285.55,458.28,449.91,908.19,"72,96,100"
7/19/2013,283.15,449.79,436.17,894.15,"1,47,73,700"
7/22/2013,282.85,454.63,446.83,908.21,"58,28,100"
7/23/2013,285.45,454.8,448.11,901.33,"41,06,600"
7/24/2013,301,453.45,448.67,900.43,"41,72,500"
7/25/2013,315.2,446.75,441.39,885.27,"60,24,600"
7/26/2013,314.75,443.33,439.35,882.93,"35,68,600"
7/29/2013,311.4,445.74,438.8,879.85,"37,97,800"
7/30/2013,304.2,446.13,438.79,888.48,"35,24,300"
7/31/2013,309.65,446.58,441.44,885.32,"43,63,200"
08-01-2013,310.85,450.59,445.83,901.74,"42,92,700"
08-02-2013,304.45,451.81,448.73,904.09,"34,40,600"
08-05-2013,303.35,451.07,447.92,902.52,"26,29,100"
08-06-2013,296.25,453.16,446.19,894.12,"30,23,400"
08-07-2013,300.4,447.55,442.88,888.21,"27,68,600"
08-08-2013,295.55,446.25,440.99,890.22,"29,87,000"
08-09-2013,302.9,446.09,443.34,887.97,"26,57,200"
08-12-2013,302.55,441.84,439.18,883.09,"27,64,200"
8/13/2013,319.2,442.59,436.46,878.84,"28,50,200"
8/14/2013,324.55,438.47,431.96,867.43,"41,79,900"
8/15/2013,321.3,430.85,427.4,857.31,"37,52,300"
8/16/2013,318.65,429.61,426.67,854.56,"33,62,700"
8/19/2013,317.15,434.37,427.12,863.28,"36,35,300"
8/20/2013,323.15,434.43,430.16,863.05,"24,75,100"
8/21/2013,330,436.82,431.63,866.95,"35,27,700"
8/22/2013,328.85,435.74,433.5,871.32,"17,46,200"
8/23/2013,329.1,437.36,433.25,867.83,"21,62,200"
8/26/2013,329.25,435.82,431.41,864.02,"21,12,800"
8/27/2013,330.35,430.25,422.37,847.82,"34,81,100"
8/28/2013,327.15,426.11,422.3,846.23,"26,69,700"
8/29/2013,333.95,428.58,422.71,853.09,"29,68,000"
8/30/2013,324.75,427.42,421.2,844.58,"37,37,100"
09-03-2013,315.4,431.48,425.38,858.02,"41,10,400"
09-04-2013,311.75,435.12,425.99,869.24,"40,97,600"
09-05-2013,306.95,438.3,434.18,877.15,"25,92,100"
09-06-2013,301.15,440.24,435.24,877.17,"31,34,800"
09-09-2013,306,443.21,439.56,885.62,"24,78,300"
09-10-2013,303.85,444.33,440.35,886.24,"25,84,700"
09-11-2013,299.7,446.81,441.39,893.74,"32,33,200"
09-12-2013,294.7,447.27,443.34,890.61,"21,99,100"
9/13/2013,292.55,446.17,440.77,886.64,"26,60,600"
9/16/2013,288.25,446.83,440.78,885.33,"26,82,900"
9/17/2013,290.6,442.54,438.86,883.68,"25,28,200"
9/18/2013,287.55,450.3,439.89,900.85,"38,83,800"
9/19/2013,286.1,451.3,446.03,895.93,"32,07,600"
9/20/2013,278.85,450.38,446.14,900.64,"87,23,000"
9/23/2013,271.85,449.11,440.95,884.07,"35,68,000"
9/24/2013,262.55,443.39,439.05,884.41,"29,84,600"
9/25/2013,263.6,441.62,436.17,874.83,"33,10,200"
9/26/2013,262.85,439.73,435.87,875.77,"25,29,200"
9/27/2013,261.4,437.12,434.03,873.99,"25,27,000"
9/30/2013,268.35,438.78,432.53,873.51,"34,57,600"
10-01-2013,265,442.18,438.38,884.57,"33,82,100"
10-02-2013,265.9,443.02,437.27,885.56,"30,01,700"
10-03-2013,269.4,445.38,434.42,873.69,"42,49,800"
10-04-2013,272.35,437.12,433.38,869.96,"27,26,100"
10-07-2013,282.55,435.36,430.44,863.37,"25,96,800"
10-08-2013,275.4,431.37,424.22,851.33,"39,01,800"
10-09-2013,274,429.71,419.92,853.52,"53,22,400"
10-10-2013,270.35,432.79,428.5,865.86,"45,27,400"
10-11-2013,274.7,435.11,431.03,869.6,"28,28,300"
10/14/2013,279.7,436.49,431.08,873.71,"24,96,400"
10/15/2013,283.9,441.16,435.37,879.6,"31,95,600"
10/16/2013,286.95,447.49,440.35,895.57,"40,30,200"
10/17/2013,289.15,446.78,441.21,886.36,"85,45,000"
10/18/2013,292.45,505.83,485.18,"1,008.64","2,32,19,400"
10/21/2013,298.75,507.6,497.91,"1,000.55","72,83,700"
10/22/2013,299.3,504.61,496.04,"1,004.24","44,33,700"
10/23/2013,306.2,515.44,498.45,"1,028.59","53,46,300"
10/24/2013,307,518.34,510.49,"1,022.74","41,99,700"
10/25/2013,345.55,512.49,503.48,"1,012.42","40,76,100"
10/28/2013,345.3,509.8,504.6,"1,012.22","23,26,000"
10/29/2013,342.5,516.53,504.86,"1,033.40","32,22,000"
10/30/2013,341.75,516.82,511.08,"1,027.60","26,58,000"
10/31/2013,341.45,518.82,510.07,"1,027.76","32,92,200"
11-01-2013,342.35,516.07,510.64,"1,024.23","25,76,100"
11-04-2013,343.8,514.26,509.11,"1,023.30","22,86,000"
11-05-2013,345.15,513.9,506.81,"1,018.72","23,71,500"
11-06-2013,345.9,511.58,505.79,"1,019.95","18,32,600"
11-07-2013,341,510.05,501.94,"1,005.19","33,71,700"
11-08-2013,338.65,507.35,502.37,"1,013.25","25,91,100"
11-11-2013,338.1,506.07,502.12,"1,007.82","22,33,500"
11-12-2013,338.25,506.88,500.62,"1,009.01","24,45,200"
11/13/2013,338.3,514.5,501.37,"1,029.64","31,70,500"
11/14/2013,338.05,517.93,513.25,"1,032.40","23,42,100"
11/15/2013,337.8,517.06,513.23,"1,030.73","25,62,100"
11/18/2013,338,522.41,512.7,"1,028.73","35,32,500"
11/19/2013,338.1,515.44,509.61,"1,022.39","22,71,600"
11/20/2013,338.7,514.75,508.27,"1,019.51","19,34,500"
11/21/2013,338.25,517.22,511.08,"1,031.24","21,91,700"
11/22/2013,338.85,516.15,512.69,"1,029.06","25,17,700"
11/25/2013,339.05,524.63,515.58,"1,043.07","32,38,000"
11/26/2013,342.05,528.77,519.52,"1,055.51","45,89,600"
11/27/2013,342.6,532.01,528.02,"1,060.20","22,55,500"
11/29/2013,343.55,531.32,527.75,"1,056.69","23,94,400"
12-02-2013,343.55,531.18,523.42,"1,051.59","27,56,600"
12-03-2013,343.5,529.73,522.55,"1,050.38","33,64,700"
12-04-2013,343.75,530,523.04,"1,055.28","23,92,000"
12-05-2013,343.35,527.85,523.58,"1,054.45","22,75,800"
12-06-2013,342.95,533,528.06,"1,066.94","28,68,200"
12-09-2013,343.65,539.13,532.02,"1,075.19","29,76,200"
12-10-2013,343.65,544.12,535.82,"1,081.69","37,21,600"
12-11-2013,342.45,543.62,535.58,"1,074.34","34,36,400"
12-12-2013,341.9,539.45,532.5,"1,067.03","32,04,800"
12/13/2013,339.75,536.14,526.97,"1,057.89","43,40,900"
12/16/2013,340.75,535.34,529.02,"1,070.04","32,16,000"
12/17/2013,339.55,538.36,532.2,"1,066.93","30,82,800"
12/18/2013,329.65,540.45,527.54,"1,081.78","44,37,100"
12/19/2013,330.1,543.96,537.53,"1,083.25","33,43,800"
12/20/2013,330.35,548.53,541.97,"1,097.61","65,47,600"
12/23/2013,332.4,555.82,550.5,"1,112.05","34,56,000"
12/24/2013,330.85,555.54,551.98,"1,108.80","14,73,800"
12/26/2013,329.8,557.41,552.27,"1,114.40","26,85,500"
12/27/2013,330.35,558.05,554.39,"1,115.34","31,51,100"
12/30/2013,324.55,558.16,552.44,"1,106.42","24,81,300"
12/31/2013,323.95,558.41,551.06,"1,117.64","27,25,900"
01-02-2014,320.8,556.79,552.06,"1,110.07","36,56,400"
01-03-2014,301.7,556.38,550.4,"1,101.97","33,45,800"
01-06-2014,303.8,557.34,551.15,"1,114.26","35,51,800"
01-07-2014,299.5,567.72,558.49,"1,135.74","51,24,300"
01-08-2014,295.3,571.52,564.53,"1,138.11","45,01,700"
01-09-2014,294.4,569.97,560.68,"1,127.15","41,84,500"
01-10-2014,291.85,567.41,559.03,"1,127.09","43,02,900"
1/13/2014,288.9,571.31,556.5,"1,119.91","48,55,800"
1/14/2014,294.6,573.35,561.94,"1,146.25","49,83,700"
1/15/2014,291.6,575.34,569.76,"1,145.48","39,15,000"
1/16/2014,293.35,576.8,571.86,"1,153.05","33,80,300"
1/17/2014,304.05,578.15,569.96,"1,147.38","54,22,800"
1/21/2014,301.9,579.83,573.5,"1,160.51","39,74,500"
1/22/2014,309.4,581.76,577.27,"1,161.83","31,54,500"
1/23/2014,307.4,579.07,575.03,"1,156.92","39,12,700"
1/24/2014,305.7,574.62,559.4,"1,120.75","78,14,000"
1/27/2014,309.85,561.15,539.11,"1,098.21","87,39,800"
1/28/2014,307.4,560.77,552.9,"1,119.94","44,36,900"
1/29/2014,307.65,558.78,547.66,"1,103.89","47,77,500"
1/30/2014,303.25,574.09,561.52,"1,132.28","1,02,20,800"
1/31/2014,308.8,591.05,573.42,"1,177.74","1,11,74,200"
02-03-2014,305.95,588.65,563.89,"1,130.33","91,72,400"
02-04-2014,307.05,575.34,566.38,"1,135.04","56,44,800"
02-05-2014,309.05,573.24,561.9,"1,140.07","48,06,800"
02-06-2014,311.15,577.91,571.63,"1,156.78","39,07,600"
02-07-2014,315.1,586.75,578.11,"1,174.22","52,92,000"
02-10-2014,321.25,588.99,582.33,"1,169.72","39,04,800"
02-11-2014,325.35,593.71,583.92,"1,186.92","41,16,900"
02-12-2014,331.2,592.78,588.48,"1,183.44","34,61,800"
2/13/2014,320.1,597.71,587.63,"1,196.61","36,86,400"
2/14/2014,319.6,599.95,594.17,"1,199.51","43,89,700"
2/18/2014,322.9,604.17,597.76,"1,207.56","42,33,500"
2/19/2014,323.25,602.35,596.51,"1,199.05","42,22,900"
2/20/2014,323.55,601.19,597.87,"1,200.81","34,14,300"
2/21/2014,328.3,602.68,599.17,"1,200.49","37,38,500"
2/24/2014,330.55,607.8,600.3,"1,209.19","33,61,100"
2/25/2014,326.3,609.96,602.95,"1,216.66","28,88,100"
2/26/2014,325.4,612.15,604.61,"1,216.83","39,79,100"
2/27/2014,322.1,609.83,606.23,"1,215.87","25,29,400"
2/28/2014,322.15,609.81,600.86,"1,212.32","46,44,500"
03-03-2014,329,601.66,593.84,"1,199.40","42,25,300"
03-04-2014,324.4,605.73,602.49,"1,211.58","29,46,300"
03-05-2014,324.7,609.26,603.44,"1,214.92","24,79,700"
03-06-2014,338.4,610.79,607.02,"1,216.27","25,45,600"
03-07-2014,333.65,611.2,603.46,"1,211.46","30,41,500"
03-10-2014,333.4,606.55,599.8,"1,208.25","24,38,200"
03-11-2014,331.7,604.89,596.09,"1,196.70","34,38,800"
03-12-2014,332.55,601.67,589.88,"1,203.99","39,43,200"
3/13/2014,331.05,602.99,590.17,"1,185.80","47,08,600"
3/14/2014,330.2,593.21,584.08,"1,169.59","46,04,900"
3/17/2014,327.2,596.3,586.86,"1,188.84","43,40,300"
3/18/2014,322.95,603.5,594.3,"1,207.94","36,43,500"
3/19/2014,323.3,603.73,594.97,"1,195.97","32,37,800"
3/20/2014,318.5,602.55,595.45,"1,193.88","33,81,900"
3/21/2014,317.1,602.56,589.02,"1,179.80","64,41,000"
3/24/2014,319.95,590.24,570.84,"1,154.76","60,96,800"
3/25/2014,315.05,582.74,571.36,"1,155.55","48,38,400"
3/26/2014,312.75,583.6,563.64,"1,128.87","51,79,200"
3/27/2014,309.35,566.44,551.41,556.93,"13,100"
3/28/2014,305.85,564.88,557.14,558.46,"41,200"
3/31/2014,309.25,565.45,555.41,555.45,"10,800"
04-01-2014,307.8,566.89,557.18,565.61,"7,900"
04-02-2014,305.55,603.17,560.65,565.45,"1,47,100"
04-03-2014,306.9,585.67,562.59,568.18,"50,99,100"
04-04-2014,307.4,576.19,541.51,541.65,"63,69,300"
04-07-2014,307.2,546.98,525.71,536.68,"44,01,600"
04-08-2014,309.95,553.48,540.13,553.38,"31,51,200"
04-09-2014,310.7,563.82,551.44,562.6,"33,30,800"
04-10-2014,308.6,563.45,538.42,539.47,"40,36,800"
04-11-2014,309.75,538.52,525.09,529.15,"39,24,800"
4/14/2014,308.1,542.61,528.11,531.06,"25,75,000"
4/15/2014,308.05,536.98,517.04,534.97,"38,55,000"
4/16/2014,309.25,555.47,538.52,555.02,"48,93,200"
4/17/2014,305.7,548,529.7,534.63,"68,09,500"
4/21/2014,306.35,535.23,524.16,527.17,"25,66,700"
4/22/2014,307.1,535.76,526.07,533.35,"23,65,300"
4/23/2014,307.65,532.41,524.81,525.5,"20,52,300"
4/24/2014,306.55,530.19,520.69,523.72,"18,83,100"
4/25/2014,315.35,523.26,514.01,514.77,"21,00,300"
4/28/2014,316.3,517.18,501.42,515.73,"33,35,500"
4/29/2014,320.3,528.01,514.91,526.26,"26,99,000"
4/30/2014,310.8,526.55,521.09,525.22,"17,51,100"
05-01-2014,309.2,531.47,522.45,529.9,"19,05,500"
05-02-2014,313,532.54,524.17,526.48,"16,88,500"
05-05-2014,310.6,527.45,519.89,526.36,"10,24,100"
05-06-2014,310.45,525.37,513.65,513.73,"16,89,000"
05-07-2014,309.65,515.27,501.92,508.56,"32,24,300"
05-08-2014,312.6,515.81,505.06,509.6,"20,21,300"
05-09-2014,314.75,518.48,502.82,517.31,"24,39,400"
05-12-2014,314.35,528.74,517.59,528.47,"19,12,500"
5/13/2014,312.15,534.6,528.06,531.63,"16,53,400"
5/14/2014,314.1,531.54,523.85,525.21,"11,91,700"
5/15/2014,314,524.43,516,518.56,"17,04,300"
5/16/2014,311.05,520.37,514.03,519.2,"14,85,200"
5/19/2014,309.95,528.33,516.17,527.41,"12,77,700"
5/20/2014,306.4,534.76,524.86,528.32,"17,84,700"
5/21/2014,308.95,537.71,530.45,537.46,"11,96,200"
5/22/2014,309.95,546.1,539.3,543.57,"16,15,800"
5/23/2014,307.65,552.12,542.21,551.19,"19,32,100"
5/27/2014,307.1,564.45,552.83,564.4,"21,04,100"
5/28/2014,311.6,566.29,559.46,560.14,"16,52,000"
5/29/2014,312.95,562.46,557.18,558.55,"13,54,100"
5/30/2014,307.6,559.81,554.39,558.36,"17,71,100"
06-02-2014,309.95,559.36,544.24,552.41,"14,35,000"
06-03-2014,306.4,550.83,541.06,543.45,"18,66,600"
06-04-2014,310.4,547.11,537.27,543.17,"18,16,400"
06-05-2014,310.3,553.43,542.96,552.38,"16,89,100"
06-06-2014,306.6,556.53,547.43,554.81,"17,36,700"
06-09-2014,312,561.36,554.52,560.58,"14,67,500"
06-10-2014,310.35,562.06,556.37,559.02,"13,51,700"
06-11-2014,311.05,558.35,553.5,557.31,"11,00,100"
06-12-2014,310.25,556.46,546.96,549.84,"14,58,400"
6/13/2014,307.55,550.79,544.07,550.25,"12,20,500"
6/16/2014,307.25,548.12,540.04,542.79,"17,02,500"
6/17/2014,305.05,543.83,537.85,541.52,"14,44,500"
6/18/2014,301.4,552.04,542.51,551.85,"17,41,700"
6/19/2014,300.75,553.48,547.01,553.38,"24,56,800"
6/20/2014,300.15,556.05,548.89,554.84,"45,08,300"
6/23/2014,300.15,563.45,552.73,563.4,"15,36,800"
6/24/2014,301.35,571.08,559.47,563.07,"22,07,100"
6/25/2014,305.8,578.37,563.67,577.07,"19,69,300"
6/26/2014,302.25,580.86,570.28,574.42,"17,41,900"
6/27/2014,305.05,578.28,572.23,575.66,"22,36,900"
6/30/2014,310.05,577.98,573.18,573.7,"13,13,700"
07-01-2014,310.05,582.8,575.07,581.07,"14,47,900"
07-02-2014,310.1,583.84,578.8,580.74,"10,56,300"
07-03-2014,309.95,583.41,579.33,583.13,"7,14,100"
07-07-2014,308.65,584.82,578,580.66,"10,64,600"
07-08-2014,309.7,577.94,564.58,569.53,"19,09,500"
07-09-2014,310,575.14,567.82,574.5,"11,16,700"
07-10-2014,309.9,575.01,563.46,569.54,"13,56,700"
07-11-2014,310,579.26,569.86,577.59,"16,21,700"
7/14/2014,310,583.61,576.45,583.27,"18,54,000"
7/15/2014,310,584.2,574.98,583.18,"16,23,000"
7/16/2014,308.55,586.79,580.61,581.06,"13,97,100"
7/17/2014,309.75,579.4,567.05,572.16,"30,16,500"
7/18/2014,310.05,595.17,580.41,593.45,"40,14,100"
7/21/2014,309.4,592.77,583.63,587.86,"20,62,100"
7/22/2014,310,598.01,588.98,593.11,"16,99,100"
7/23/2014,310.75,596.21,590.88,594.35,"12,33,100"
7/24/2014,310.05,597.86,590.15,591.73,"10,35,100"
7/25/2014,306.55,590.24,585.42,587.41,"9,32,400"
7/28/2014,304.3,590.88,583.15,588.98,"9,86,800"
7/29/2014,296.95,588.09,581.92,584.01,"13,49,800"
7/30/2014,290.7,587.89,582.4,585.81,"10,16,400"
7/31/2014,295.65,582.05,568.44,570.03,"21,02,700"
08-01-2014,300.4,574.38,561.31,564.52,"19,55,200"
08-04-2014,301.55,573.77,562.56,571.58,"14,27,300"
08-05-2014,297.95,570.41,561.07,563.52,"15,51,200"
08-06-2014,294.2,569.14,558.47,564.82,"13,34,300"
08-07-2014,297,568.33,559.56,561.82,"11,10,900"
08-08-2014,294.75,568.69,558.82,567.21,"14,94,700"
08-11-2014,290.45,568.93,564.45,566.33,"12,14,700"
08-12-2014,292.15,564.35,559.34,561.19,"15,42,000"
8/13/2014,288.55,573.43,564.2,573.21,"14,39,200"
8/14/2014,289.8,576.32,569.32,573.08,"9,85,400"
8/15/2014,288,577.79,568.96,571.91,"15,19,100"
8/18/2014,284.45,582.91,574.42,580.57,"12,84,100"
8/19/2014,291.05,585.73,582.4,585.25,"9,78,600"
8/20/2014,287.95,585.09,580.97,582.89,"10,36,700"
8/21/2014,286,582.9,579.55,581.77,"9,14,800"
8/22/2014,288.25,583.63,579.05,580.96,"7,89,000"
8/25/2014,290.85,583.4,577.41,578.61,"13,61,400"
8/26/2014,294.85,580.21,575,576.28,"16,39,600"
8/27/2014,298.05,576.91,568.54,569.44,"17,03,300"
8/28/2014,297.8,571.68,565.55,567.64,"12,92,900"
8/29/2014,294.7,570.47,565.52,570.03,"10,83,700"
09-02-2014,293.25,576.25,569.63,575.75,"15,78,400"
09-03-2014,291.35,581.39,573.43,576.36,"12,15,100"
09-04-2014,291.2,584.4,577.63,580.39,"14,58,100"
09-05-2014,291.85,584.94,580.36,584.48,"16,32,300"
09-08-2014,289.05,590.15,584.69,588.11,"14,31,000"
09-09-2014,287.2,587.39,578.41,579.42,"12,87,200"
09-10-2014,291.8,581.9,575.36,581.5,"9,77,300"
09-11-2014,293.1,580.22,574.68,579.76,"12,21,000"
09-12-2014,288.7,580.05,572.89,574.04,"16,01,600"
9/15/2014,284.5,573.38,566.65,571.53,"15,97,500"
9/16/2014,289.9,579.91,571.09,578.36,"14,80,300"
9/17/2014,293.1,585.91,577.19,583.17,"16,92,800"
9/18/2014,297.05,587.93,583.4,587.66,"14,44,500"
9/19/2014,301.65,594.85,587.89,594.45,"37,36,600"
9/22/2014,298.8,592.32,581.86,585.76,"16,89,500"
9/23/2014,297.3,585.24,579.41,579.54,"14,71,400"
9/24/2014,298.8,588.02,578.93,586.38,"17,28,100"
9/25/2014,301.1,586.37,572.61,573.49,"19,25,900"
9/26/2014,300.35,577.66,573.09,575.52,"14,43,600"
9/29/2014,296.95,576.61,569.61,574.78,"12,82,400"
9/30/2014,293.6,578.26,571.28,575.78,"16,21,700"
10-01-2014,288.7,576,565.46,566.71,"14,45,400"
10-02-2014,287.5,570.34,561.78,568.52,"11,78,400"
10-03-2014,286.55,575.64,570.93,573.7,"11,41,700"
10-06-2014,284.5,579.41,572.87,575.77,"12,14,600"
10-07-2014,287.8,573.69,562.2,562.2,"19,11,300"
10-08-2014,284.4,572.31,555.96,570.93,"19,90,800"
10-09-2014,283.75,569.93,557.53,559.34,"25,24,800"
10-10-2014,284.6,563.58,542.56,543,"30,81,900"
10/13/2014,287.05,548,531.64,531.75,"25,81,600"
10/14/2014,283.75,545.69,531.71,536.47,"22,22,500"
10/15/2014,281.95,531.34,516.88,528.58,"37,19,300"
10/16/2014,277.35,527.98,513.59,523.07,"37,08,500"
10/17/2014,279.35,529.53,507.14,509.77,"55,39,300"
10/20/2014,275.5,520.33,506.71,519.41,"26,07,500"
10/21/2014,278.65,525.35,517.69,525.1,"23,36,200"
10/22/2014,276.4,538.32,527.35,531.25,"29,19,200"
10/23/2014,280.25,545.72,534.38,542.49,"23,48,800"
10/24/2014,280.1,543.39,534.32,538.3,"19,73,100"
10/27/2014,280.1,542.92,535.56,539.29,"11,85,300"
10/28/2014,285.2,547.48,540.14,547.4,"12,70,900"
10/29/2014,282.25,552.67,545.48,547.83,"17,70,500"
10/30/2014,283.15,551.29,542.02,548.8,"14,55,600"
10/31/2014,283.4,558.04,553.23,557.55,"20,35,000"
11-03-2014,287.4,556.37,551.72,553.7,"13,82,200"
11-04-2014,277.5,553.98,547.8,552.59,"12,44,200"
11-05-2014,273.1,555.28,542.56,544.43,"20,32,200"
11-06-2014,270.6,545.39,539.49,540.56,"13,33,200"
11-07-2014,270.85,544.71,537.2,539.53,"16,33,700"
11-10-2014,270.45,548.09,539.54,545.99,"11,34,600"
11-11-2014,274.7,550.43,544.8,548.78,"9,65,500"
11-12-2014,270.75,548.95,543.68,545.81,"11,29,600"
11/13/2014,271,548.29,541.99,543.89,"13,39,300"
11/14/2014,269.45,545.18,540.67,542.91,"12,89,500"
11/17/2014,269.65,542.3,532.6,535.04,"17,26,000"
11/18/2014,267.9,540.46,532.71,533.57,"19,62,600"
11/19/2014,267.05,536.77,528.63,535.52,"13,92,200"
11/20/2014,261.85,533.64,529.63,533.37,"15,63,300"
11/21/2014,262.75,540.66,535.09,536.03,"22,24,200"
11/24/2014,258.55,541.21,534.15,537.79,"17,06,300"
11/25/2014,271.5,542.49,537.13,539.6,"17,89,900"
11/26/2014,264.2,540.07,535.57,538.89,"15,22,900"
11/28/2014,261.2,540.52,535.13,540.35,"11,48,300"
12-01-2014,250.8,539.93,530.4,532.34,"21,15,300"
12-02-2014,252.35,534.03,528.35,532.29,"15,26,600"
12-03-2014,244,534.53,527.81,529.87,"12,77,900"
12-04-2014,255.75,535.87,527.14,535.84,"13,92,100"
12-05-2014,247.85,531.43,522.84,523.82,"25,65,600"
12-08-2014,238,529.55,522.36,525.54,"23,29,300"
12-09-2014,241.55,532.73,519.07,531.91,"18,71,300"
12-10-2014,250,534.86,524.12,524.62,"17,12,200"
12-11-2014,246.2,532.46,525.66,526.89,"16,10,800"
12-12-2014,249.6,527.05,517.24,517.24,"19,94,500"
12/15/2014,257.15,521.67,511.86,512.39,"28,13,400"
12/16/2014,256,511.65,487.66,494.03,"39,64,200"
12/17/2014,253.9,505.61,495.45,503.51,"28,83,100"
12/18/2014,251.6,512.46,503.32,509.7,"29,26,700"
12/19/2014,253.25,516.3,505.52,514.94,"36,90,200"
12/22/2014,258.85,525.02,514.67,523.43,"27,23,700"
12/23/2014,257.25,533.1,524.85,529.14,"21,97,600"
12/24/2014,263.5,530.3,525.58,527.32,"7,05,900"
12/26/2014,262.65,532.79,525.87,532.57,"10,40,500"
12/29/2014,261.55,534.01,528.56,528.88,"22,78,500"
12/30/2014,259.95,529.7,525.69,528.97,"8,76,200"
12/31/2014,259.2,531.14,524.36,524.96,"13,68,200"
01-02-2015,257.3,529.82,522.67,523.37,"14,47,500"
01-05-2015,260.8,522.89,511.66,512.46,"20,59,800"
01-06-2015,260.35,514.76,499.68,500.59,"28,99,900"
01-07-2015,259.2,505.86,498.28,499.73,"20,65,000"
01-08-2015,260.2,502.1,489.66,501.3,"33,53,500"
01-09-2015,263.3,503.54,493.44,494.81,"20,71,300"
01-12-2015,261.45,494.62,486.23,491.2,"23,26,700"
1/13/2015,270.95,501.6,491.04,494.82,"23,70,400"
1/14/2015,271.3,501.85,491.65,499.5,"22,15,500"
1/15/2015,272,504.3,496.4,500.42,"27,15,800"
1/16/2015,273.9,506.8,498.63,506.69,"22,98,200"
1/20/2015,273.2,511.1,504.63,505.51,"22,32,000"
1/21/2015,273.05,517.86,504.81,516.62,"22,68,700"
1/22/2015,270.3,534.86,518.28,532.93,"26,76,900"
1/23/2015,268.4,540.69,531.54,538.47,"22,81,700"
1/26/2015,267.5,537.52,528.22,533.74,"15,43,700"
1/27/2015,267.3,529.25,516.77,517.21,"19,04,000"
1/28/2015,267.25,521.56,508.6,508.6,"16,83,800"
1/29/2015,268.75,509.69,499.83,509.26,"41,86,300"
1/30/2015,268.7,538.39,514.11,533.06,"56,06,300"
02-02-2015,267.45,531.54,517.13,527.03,"28,49,800"
02-03-2015,263.25,531.94,521.83,527.79,"20,38,600"
02-04-2015,265.2,531.21,519.84,521.33,"16,63,600"
02-05-2015,263.4,527.05,520.66,526.14,"18,49,700"
02-06-2015,262.35,535.73,524.97,529.55,"17,63,500"
02-09-2015,279.4,530.54,524.58,526.38,"12,67,700"
02-10-2015,298.45,536.23,525.48,535.47,"17,49,800"
02-11-2015,316.7,536.98,531.92,534.5,"13,77,700"
02-12-2015,307.65,543.33,533.21,541.44,"16,20,200"
2/13/2015,306.3,548.4,541.64,547.51,"19,00,300"
2/17/2015,305.25,548.49,539.61,541.35,"16,16,800"
2/18/2015,305.25,544,536.04,538.22,"14,53,000"
2/19/2015,303.35,541.62,536.54,541.38,"9,89,100"
2/20/2015,309.25,542.26,534.33,537.47,"14,44,300"
2/23/2015,310.05,534.97,527.96,530.45,"14,57,800"
2/24/2015,309.85,535.32,526.8,534.62,"10,05,000"
2/25/2015,310.9,544.72,533.98,542.38,"18,25,900"
2/26/2015,310.05,554.62,540.02,553.96,"23,11,500"
2/27/2015,308.05,563.16,551.39,556.87,"24,10,100"
03-02-2015,310.9,570.58,557.22,569.78,"21,29,600"
03-03-2015,309.3,573.81,564.97,572.07,"17,04,700"
03-04-2015,308.4,575.53,566.45,571.8,"18,76,800"
03-05-2015,306.95,576.33,571.84,573.75,"13,89,600"
03-06-2015,300.2,575.1,565.21,566.13,"16,59,100"
03-09-2015,302.45,568.71,561.99,567.29,"10,62,100"
03-10-2015,301.15,563.3,553.21,553.49,"17,92,300"
03-11-2015,300.75,556.61,549.17,549.67,"18,20,700"
03-12-2015,300,554.85,548.95,553.99,"13,89,600"
3/13/2015,299.7,556.87,542.73,545.82,"17,03,500"
3/16/2015,294.85,555.33,544.51,552.99,"16,40,900"
3/17/2015,293.5,552.28,546.5,549.33,"18,05,500"
3/18/2015,295.5,558.25,545.5,557.97,"21,34,500"
3/19/2015,294.45,559.26,554.62,556.46,"11,97,200"
3/20/2015,292.65,560.18,557.52,558.83,"26,16,800"
3/23/2015,290.6,560.82,554.31,557.28,"16,43,800"
3/24/2015,291.5,573.02,559.67,568.63,"25,83,200"
3/25/2015,293.8,570.69,557.21,557.26,"21,52,200"
3/26/2015,292.85,557.37,549.14,553.65,"15,72,600"
3/27/2015,293.35,553.76,546.63,546.84,"18,97,400"
3/30/2015,288.45,551.95,546.67,550.52,"12,87,500"
3/31/2015,292.85,553.19,545.22,546.5,"15,88,000"
04-01-2015,292.9,549.63,538.02,541.07,"19,63,000"
04-02-2015,294.85,539.37,532.39,534.06,"17,16,300"
04-06-2015,295.6,536.94,528.12,535.3,"13,24,400"
04-07-2015,301.4,541.2,534.53,535.55,"13,02,800"
04-08-2015,296.65,542.36,536.91,540.13,"11,78,500"
04-09-2015,302.15,540.47,534.02,539.3,"15,57,800"
04-10-2015,306.9,540.81,535.84,538.53,"14,09,400"
4/13/2015,302.45,542.57,535.84,537.69,"16,45,300"
4/14/2015,300.3,536.1,526.65,528.94,"26,04,100"
4/15/2015,298,533.27,521.79,531.07,"23,18,800"
4/16/2015,294.15,534.12,528.16,532.34,"12,99,800"
4/17/2015,300.55,528.39,519.58,522.62,"21,51,800"
4/20/2015,296.9,534.62,523.06,533.91,"16,79,200"
4/21/2015,298.15,537.91,532.21,532.51,"18,44,700"
4/22/2015,298.5,539.6,530.29,537.89,"15,93,500"
4/23/2015,300.05,549.45,538.75,545.5,"41,84,800"
4/24/2015,302.35,569.58,555.72,563.51,"49,32,500"
4/27/2015,309.25,565.95,553.2,555.37,"23,98,000"
4/28/2015,308.75,556.02,550.37,553.68,"14,91,000"
4/29/2015,311.95,553.68,546.91,549.08,"16,98,800"
4/30/2015,308.45,548.59,535.05,537.34,"20,82,200"
05-01-2015,307.45,539.54,532.1,537.9,"17,68,200"
05-04-2015,303.95,544.07,535.06,540.78,"13,08,000"
05-05-2015,297.4,539.74,530.39,530.8,"13,83,100"
05-06-2015,298.5,532.38,521.09,524.22,"15,67,000"
05-07-2015,297.55,533.46,521.75,530.7,"15,46,300"
05-08-2015,299.05,541.15,525,538.22,"15,27,600"
05-11-2015,304.15,541.98,535.4,535.7,"9,05,300"
05-12-2015,301.3,533.21,525.26,529.04,"16,34,200"
5/13/2015,298.2,534.32,528.66,529.62,"12,52,300"
5/14/2015,296.2,539,532.41,538.4,"14,03,900"
5/15/2015,302.65,539.27,530.38,533.85,"19,71,300"
5/18/2015,312,534.82,528.85,532.3,"20,03,400"
5/19/2015,303.4,540.66,533.04,537.36,"19,66,900"
5/20/2015,297.9,542.92,532.97,539.27,"14,30,800"
5/21/2015,310.25,543.84,535.98,542.51,"14,62,700"
5/22/2015,319.15,544.19,539.51,540.11,"11,76,200"
5/26/2015,350.3,539,529.88,532.32,"24,06,500"
5/27/2015,405.2,540.55,531.71,539.79,"15,25,000"
5/28/2015,380.45,540.61,536.25,539.78,"10,29,800"
5/29/2015,370.9,538.63,531.45,532.11,"25,97,400"
06-01-2015,351.5,536.79,529.76,533.99,"19,04,300"
06-02-2015,355.65,543,531.33,539.18,"19,39,000"
06-03-2015,347.6,543.5,537.11,540.31,"17,14,500"
06-04-2015,364.55,540.59,534.32,536.7,"13,48,300"
06-05-2015,357.5,537.2,532.52,533.33,"13,88,200"
06-08-2015,353.1,534.12,526.24,526.83,"15,20,600"
06-09-2015,369.3,529.2,523.01,526.69,"14,55,300"
06-10-2015,366.45,538.36,529.35,536.69,"18,15,000"
06-11-2015,368.3,538.98,533.02,534.61,"12,17,500"
06-12-2015,364.7,533.12,530.16,532.33,"9,55,800"
6/15/2015,372.2,528.3,524,527.2,"16,32,700"
6/16/2015,364.85,529.64,525.56,528.15,"10,71,800"
6/17/2015,353.15,530.98,525.1,529.26,"12,94,200"
6/18/2015,355.95,538.15,530.79,536.73,"18,33,100"
6/19/2015,356.15,538.25,533.01,536.69,"18,93,500"
6/22/2015,357.45,543.74,537.53,538.19,"12,50,300"
6/23/2015,376.5,541.5,535.25,540.48,"11,97,500"
6/24/2015,418.9,540,535.66,537.84,"12,86,600"
6/25/2015,412.9,540.9,535.23,535.23,"13,35,700"
6/26/2015,415.45,537.76,531.35,531.69,"21,09,100"
6/29/2015,432.05,528.61,520.54,521.52,"19,37,800"
6/30/2015,429.55,526.25,520.5,520.51,"22,17,200"
07-01-2015,435.45,525.69,518.23,521.84,"19,61,000"
07-02-2015,476.6,524.65,521.08,523.4,"12,35,900"
07-06-2015,505.3,525.25,519,522.86,"12,80,500"
07-07-2015,507.35,526.18,515.18,525.02,"15,97,200"
07-08-2015,478.5,522.73,516.11,516.83,"12,96,700"
07-09-2015,453.45,523.77,520.35,520.68,"18,39,400"
07-10-2015,489.5,532.56,525.55,530.13,"19,56,700"
7/13/2015,473.2,547.11,532.4,546.55,"22,06,500"
7/14/2015,477.1,565.85,546.71,561.1,"32,44,100"
7/15/2015,458.15,566.5,556.79,560.22,"17,84,600"
7/16/2015,461.4,580.68,565,579.85,"47,68,300"
7/17/2015,461.35,674.47,645,672.93,"1,11,64,900"
7/20/2015,474.75,668.88,653.01,663.02,"58,60,900"
7/21/2015,473.9,673,654.3,662.3,"33,77,200"
7/22/2015,483.8,678.64,659,662.1,"39,29,300"
7/23/2015,476.8,663.63,641,644.28,"30,29,100"
7/24/2015,480.4,648.17,622.52,623.56,"36,25,700"
7/27/2015,474.1,634.3,620.5,627.26,"26,75,400"
7/28/2015,473.15,632.83,623.31,628,"17,27,300"
7/29/2015,474.35,633.36,622.65,631.93,"15,75,100"
7/30/2015,485.4,635.22,622.05,632.59,"14,74,200"
7/31/2015,508.05,632.91,625.5,625.61,"17,06,100"
08-03-2015,512.6,633.06,625.34,631.21,"13,04,500"
08-04-2015,516.95,634.81,627.16,629.25,"14,90,900"
08-05-2015,509.9,647.86,633.16,643.78,"23,34,300"
08-06-2015,513.35,645.38,632.25,642.68,"15,72,600"
08-07-2015,519.85,642.68,629.71,635.3,"14,03,900"
08-10-2015,514.75,643.44,631.25,633.73,"18,09,200"
08-11-2015,505.35,674.9,654.27,660.78,"50,29,200"
08-12-2015,498.05,665,652.29,659.56,"29,36,700"
8/13/2015,483.6,664.5,651.66,656.45,"18,10,700"
8/14/2015,477.65,659.85,652.66,657.12,"10,72,100"
8/17/2015,487.5,661.38,651.24,660.87,"10,51,700"
8/18/2015,484.2,664,653.46,656.13,"14,56,100"
8/19/2015,479.35,667,654.19,660.9,"21,31,600"
8/20/2015,477.05,662.99,642.9,646.83,"28,55,300"
8/21/2015,477.85,640.05,612.33,612.48,"42,65,200"
8/24/2015,479.35,599.33,565.05,589.61,"57,70,300"
8/25/2015,575.2,617.45,581.11,582.06,"35,38,000"
8/26/2015,567.9,631.71,599.05,628.62,"42,35,900"
8/27/2015,601.8,643.59,622,637.61,"34,91,300"
8/28/2015,602.5,636.88,624.56,630.38,"19,78,700"
8/31/2015,590.7,635.8,617.68,618.25,"21,76,700"
09-01-2015,568.7,612.86,594.1,597.79,"37,02,100"
09-02-2015,560.45,614.34,599.71,614.34,"25,75,600"
09-03-2015,559.2,619.71,602.82,606.25,"17,59,600"
09-04-2015,544.45,603.47,595.25,600.7,"20,89,000"
09-08-2015,560.7,616.31,604.12,614.66,"22,79,500"
09-09-2015,570,626.52,609.6,612.72,"17,02,100"
09-10-2015,554.35,624.16,611.43,621.35,"19,05,300"
09-11-2015,545,625.78,617.42,625.77,"13,73,500"
9/14/2015,556.1,625.86,619.43,623.24,"17,02,300"
9/15/2015,561.8,638.7,623.78,635.14,"20,84,400"
9/16/2015,570.85,637.95,632.32,635.98,"12,86,500"
9/17/2015,582.9,650.9,635.02,642.9,"22,74,700"
9/18/2015,584.4,640,627.02,629.25,"51,33,400"
9/21/2015,566,636.49,625.94,635.44,"17,88,500"
9/22/2015,561.6,627.55,615.43,622.69,"25,62,900"
9/23/2015,571.2,628.93,620,622.36,"14,70,900"
9/24/2015,558.85,627.32,612.4,625.8,"22,40,100"
9/25/2015,570.5,629.77,611,611.97,"21,74,000"
9/28/2015,571.65,614.6,589.38,594.89,"31,27,700"
9/29/2015,654.35,605,590.22,594.97,"23,09,500"
9/30/2015,653.1,608.76,600.73,608.42,"24,13,400"
10-01-2015,642.7,612.09,599.85,611.29,"18,67,600"
10-02-2015,661.15,627.34,603.13,626.91,"26,84,800"
10-05-2015,647.35,643.01,627,641.47,"18,03,600"
10-06-2015,651.25,649.25,636.53,645.44,"21,66,300"
10-07-2015,638.75,650.61,632.15,642.36,"20,92,700"
10-08-2015,625.65,644.45,625.56,639.16,"21,82,100"
10-09-2015,593.6,645.99,635.32,643.61,"16,48,700"
10-12-2015,591.85,648.5,639.01,646.67,"12,75,200"
10/13/2015,646.4,657.81,643.15,652.3,"18,07,700"
10/14/2015,628.5,659.39,648.85,651.16,"14,15,500"
10/15/2015,627.35,663.13,654.46,661.74,"18,85,700"
10/16/2015,639,664.97,657.2,662.2,"16,11,100"
10/19/2015,635.2,666.82,659.58,666.1,"14,77,300"
10/20/2015,631.35,664.72,644.2,650.28,"24,90,000"
10/21/2015,641.1,655.87,641.73,642.61,"17,91,100"
10/22/2015,646.4,657.8,644.01,651.79,"40,71,000"
10/23/2015,643.55,730,701.5,702,"66,53,900"
10/26/2015,654.4,719.15,701.26,712.78,"27,16,600"
10/27/2015,701.2,713.62,704.55,708.49,"22,45,800"
10/28/2015,687.85,712.98,703.08,712.95,"21,78,900"
10/29/2015,687.45,718.26,710.01,716.92,"14,56,000"
10/30/2015,670.5,718,710.05,710.81,"19,08,800"
11-02-2015,671.3,721.62,705.85,721.11,"18,86,300"
11-03-2015,633,724.65,714.72,722.16,"15,65,400"
11-04-2015,612.2,733.1,721.9,728.11,"17,06,700"
11-05-2015,621.15,739.48,729.47,731.25,"18,61,600"
11-06-2015,618.25,735.41,727.01,733.76,"15,11,600"
11-09-2015,640.1,734.71,719.43,724.89,"20,69,800"
11-10-2015,692.8,730.59,718.5,728.32,"16,08,000"
11-11-2015,709.4,741,730.23,735.4,"13,66,400"
11-12-2015,803.2,737.8,728.65,731.23,"18,37,200"
11/13/2015,840.65,731.15,716.73,717,"20,75,500"
11/16/2015,854.7,729.49,711.33,728.96,"19,05,900"
11/17/2015,857.6,731.84,723.03,725.3,"15,10,900"
11/18/2015,851.6,741.41,727,740,"16,84,300"
11/19/2015,999.00,742,737.43,738.41,"13,27,100"
11/20/2015,999.00,757.92,743,756.6,"22,12,300"
11/23/2015,999.00,762.71,751.82,755.98,"14,14,500"
11/24/2015,958.5,755.28,737.63,748.28,"23,33,100"
11/25/2015,887.85,752,746.06,748.15,"11,22,100"
11/27/2015,883.7,753.41,747.49,750.26,"8,38,500"
11/30/2015,899.15,754.93,741.27,742.6,"20,97,600"
12-01-2015,904.05,768.95,746.7,767.04,"21,34,600"
12-02-2015,876.75,775.96,758.96,762.38,"22,30,400"
12-03-2015,896.65,768.99,745.63,752.54,"25,90,600"
12-04-2015,852.4,768.49,750,766.81,"27,57,300"
12-07-2015,873.9,768.73,755.09,763.25,"18,12,300"
12-08-2015,876.95,764.8,754.2,762.37,"18,29,500"
12-09-2015,843.45,764.23,737,751.61,"27,00,000"
12-10-2015,840.35,755.85,743.83,749.46,"19,84,900"
12-11-2015,857.4,745.71,736.75,738.87,"22,24,400"
12/14/2015,852.45,748.73,724.17,747.77,"24,12,500"
12/15/2015,850,758.08,743.01,743.4,"26,66,200"
12/16/2015,855.85,760.59,739.43,758.09,"19,93,300"
12/17/2015,849.8,762.68,749,749.43,"15,53,400"
12/18/2015,868.85,754.13,738.15,739.31,"31,48,700"
12/21/2015,861.7,750,740,747.77,"15,25,700"
12/22/2015,867.85,754.85,745.53,750,"13,65,400"
12/23/2015,847.25,754.21,744,750.31,"15,65,900"
12/24/2015,856.6,751.35,746.62,748.4,"5,27,200"
12/28/2015,864.65,762.99,749.52,762.51,"15,15,300"
12/29/2015,870.95,779.98,766.43,776.6,"17,65,000"
12/30/2015,855.3,777.6,766.9,771,"12,93,300"
12/31/2015,881.2,769.5,758.34,758.88,"14,89,600"
01-04-2016,942.75,744.06,731.26,741.84,"32,72,800"
01-05-2016,934.75,752,738.64,742.58,"19,50,700"
01-06-2016,928.85,747.18,728.92,743.62,"19,47,000"
01-07-2016,925.85,738.5,719.06,726.39,"29,63,700"
01-08-2016,926.25,733.23,713,714.47,"24,50,900"
01-11-2016,905.75,718.85,703.54,716.03,"20,90,600"
01-12-2016,853.6,728.75,717.32,726.07,"20,24,500"
1/13/2016,848.55,734.74,698.61,700.56,"25,01,700"
1/14/2016,867.7,721.92,689.1,714.72,"22,25,800"
1/15/2016,994.6,706.74,685.37,694.45,"35,92,400"
1/19/2016,964.7,709.98,693.41,701.79,"22,68,100"
1/20/2016,934.6,706.85,673.26,698.45,"34,45,000"
1/21/2016,875.5,719.19,694.46,706.59,"24,12,200"
1/22/2016,849.3,728.13,720.12,725.25,"20,11,800"
1/25/2016,782.4,729.68,710.01,711.67,"17,11,700"
1/26/2016,802.65,718.28,706.48,713.04,"13,31,700"
1/27/2016,885.45,718.23,694.39,699.99,"21,94,200"
1/28/2016,892.7,733.69,712.35,730.96,"26,76,400"
1/29/2016,844.5,744.99,726.8,742.95,"34,74,300"
02-01-2016,872.7,757.86,743.27,752,"51,39,200"
02-02-2016,884.95,789.87,764.65,764.65,"63,48,100"
02-03-2016,863.7,774.5,720.5,726.95,"61,71,000"
02-04-2016,884.25,727,701.86,708.01,"51,68,700"
02-05-2016,908.2,703.99,680.15,683.57,"51,05,700"
02-08-2016,838.85,684.03,663.06,682.74,"42,47,400"
02-09-2016,820.35,699.9,668.77,678.11,"36,08,900"
02-10-2016,764.15,701.31,682.13,684.12,"26,38,000"
02-11-2016,762.25,689.35,668.87,683.11,"30,24,000"
02-12-2016,751.6,693.75,678.6,682.4,"21,41,400"
2/16/2016,767.75,698,685.05,691,"25,20,000"
2/17/2016,727.75,709.75,691.38,708.4,"24,92,600"
2/18/2016,708.8,712.35,696.03,697.35,"18,83,200"
2/19/2016,709.25,703.08,694.05,700.91,"15,89,300"
2/22/2016,715.4,713.24,702.51,706.46,"19,49,800"
2/23/2016,715.55,708.4,693.58,695.85,"20,09,300"
2/24/2016,718.25,700,680.78,699.56,"19,63,600"
2/25/2016,714.55,705.98,690.59,705.75,"16,42,200"
2/26/2016,690.7,713.43,700.86,705.07,"22,43,500"
2/29/2016,679.5,710.89,697.68,697.77,"24,81,100"
03-01-2016,706.9,718.81,699.77,718.81,"21,51,400"
03-02-2016,697.8,720,712,718.85,"16,29,000"
03-03-2016,684.1,719.45,706.02,712.42,"19,58,000"
03-04-2016,686.3,716.49,706.02,710.89,"19,72,100"
03-07-2016,693.05,708.09,686.9,695.16,"29,85,100"
03-08-2016,692.2,703.79,685.34,693.97,"20,76,300"
03-09-2016,707.55,705.68,694,705.24,"14,21,500"
03-10-2016,706.85,716.44,703.36,712.82,"28,33,500"
03-11-2016,688.8,726.92,717.13,726.82,"19,70,800"
3/14/2016,694.45,735.5,725.15,730.49,"17,18,300"
3/15/2016,666.75,732.29,724.77,728.33,"17,21,000"
3/16/2016,665.6,737.47,724.51,736.09,"16,24,400"
3/17/2016,671.75,743.07,736,737.78,"18,60,800"
3/18/2016,663.5,742,731.83,737.6,"29,80,700"
3/21/2016,642.6,742.5,733.52,742.09,"18,36,500"
3/22/2016,636.1,745,737.46,740.75,"12,69,700"
3/23/2016,651.65,745.72,736.15,738.06,"14,32,100"
3/24/2016,660.7,737.75,731,735.3,"15,94,900"
3/28/2016,647.4,738.99,732.5,733.53,"13,01,300"
3/29/2016,639.7,747.25,728.76,744.77,"19,03,800"
3/30/2016,623.6,757.88,748.74,750.53,"17,82,400"
3/31/2016,614.9,750.85,740.94,744.95,"17,18,800"
04-01-2016,584.85,750.34,737,749.91,"15,76,700"
04-04-2016,653.75,752.8,742.43,745.29,"11,34,200"
04-05-2016,648.15,742.8,735.37,737.8,"11,32,300"
04-06-2016,610.75,746.24,735.56,745.69,"10,53,700"
04-07-2016,598.05,747,736.28,740.28,"14,53,200"
04-08-2016,639.15,745.45,735.55,739.15,"12,90,800"
04-11-2016,620.2,745,736.05,736.1,"12,20,100"
04-12-2016,624.85,743.83,731.01,743.09,"13,53,000"
4/13/2016,616.1,754.38,744.26,751.72,"17,07,100"
4/14/2016,662.15,757.31,752.71,753.2,"11,35,300"
4/15/2016,679.15,761,752.69,759,"18,09,300"
4/18/2016,696.65,768.05,757.3,766.61,"15,56,000"
4/19/2016,682.9,769.9,749.33,753.93,"20,30,500"
4/20/2016,686.25,758.13,750.01,752.67,"15,29,200"
4/21/2016,686.75,760.45,749.55,759.14,"30,60,500"
4/22/2016,686.4,736.12,713.61,718.77,"59,51,900"
4/25/2016,698.65,723.93,715.59,723.15,"19,59,200"
4/26/2016,655.25,725.77,703.03,708.14,"27,44,600"
4/27/2016,650.95,708.98,692.36,705.84,"30,98,600"
4/28/2016,666.25,714.17,689.55,691.02,"28,67,300"
4/29/2016,665.05,697.62,689,693.01,"24,87,700"
05-02-2016,666.85,700.64,691,698.21,"16,45,300"
05-03-2016,661.75,697.84,692,692.36,"15,43,800"
05-04-2016,655.3,699.75,689.01,695.7,"16,93,500"
05-05-2016,662.35,702.32,695.72,701.43,"16,83,500"
05-06-2016,645.6,711.86,698.11,711.12,"18,26,100"
05-09-2016,658.9,718.71,710,712.9,"15,10,300"
05-10-2016,631.9,723.5,715.72,723.18,"15,69,600"
05-11-2016,640.3,724.48,712.8,715.29,"16,92,100"
05-12-2016,635.95,719.25,709,713.31,"13,60,700"
5/13/2016,644.4,716.66,709.26,710.83,"13,14,500"
5/16/2016,654.4,718.48,705.65,716.49,"13,17,100"
5/17/2016,643.35,721.52,704.11,706.23,"20,01,200"
5/18/2016,651.8,711.6,700.63,706.63,"17,66,800"
5/19/2016,653.6,706,696.8,700.32,"16,70,200"
5/20/2016,647.65,714.58,700.52,709.74,"18,28,400"
5/23/2016,678.1,711.48,704.18,704.24,"13,30,700"
5/24/2016,687.65,720.97,706.86,720.09,"19,29,500"
5/25/2016,709.3,727.51,719.71,725.27,"16,29,200"
5/26/2016,705.7,728.33,720.28,724.12,"15,76,300"
5/27/2016,697.3,733.94,724,732.66,"19,74,000"
5/31/2016,703.45,739.73,731.26,735.72,"21,29,500"
06-01-2016,724.05,737.21,730.66,734.15,"12,53,600"
06-02-2016,725.45,733.02,724.17,730.4,"13,41,800"
06-03-2016,726.35,729.49,720.56,722.34,"12,26,300"
06-06-2016,751.25,724.91,714.61,716.55,"15,65,300"
06-07-2016,754.7,721.98,716.55,716.65,"13,36,200"
06-08-2016,753.5,728.57,720.58,728.28,"15,83,700"
06-09-2016,736.1,729.54,722.34,728.58,"9,88,900"
06-10-2016,754.7,725.89,716.43,719.41,"12,16,400"
6/13/2016,737.45,725.44,716.51,718.36,"12,58,900"
6/14/2016,749.15,722.47,713.12,718.27,"13,06,100"
6/15/2016,753.55,722.98,717.31,718.92,"12,14,500"
6/16/2016,776,716.65,703.26,710.36,"19,82,500"
6/17/2016,755.5,708.82,688.45,691.72,"34,02,400"
6/20/2016,763.7,702.48,693.41,693.71,"20,82,500"
6/21/2016,901.95,702.77,692.01,695.94,"14,65,600"
6/22/2016,869.7,700.86,693.08,697.46,"11,84,300"
6/23/2016,891.9,701.95,687,701.87,"21,71,400"
6/24/2016,846.25,689.4,673.45,675.22,"44,49,000"
6/27/2016,857.15,672.3,663.28,668.26,"26,29,000"
6/28/2016,841.85,680.33,673,680.04,"21,73,800"
6/29/2016,848.45,687.43,681.41,684.11,"19,32,600"
6/30/2016,829.65,692.32,683.65,692.1,"15,97,700"
07-01-2016,814.5,700.65,692.13,699.21,"13,44,700"
07-05-2016,850.65,696.94,688.88,694.95,"14,62,600"
07-06-2016,834.35,701.68,689.09,697.77,"14,11,900"
07-07-2016,821.95,698.2,688.22,695.36,"13,04,200"
07-08-2016,777.8,705.71,696.43,705.63,"15,75,200"
07-11-2016,746.4,716.51,707.24,715.09,"11,11,800"
07-12-2016,738.85,722.94,715.91,720.64,"13,36,900"
7/13/2016,717.6,724,716.85,716.98,"9,35,900"
7/14/2016,684.2,722.21,718.03,720.95,"9,50,200"
7/15/2016,675.55,725.74,719.05,719.85,"12,79,300"
7/18/2016,688.8,736.13,721.19,733.78,"12,95,500"
7/19/2016,727.85,736.99,729,736.96,"12,27,500"
7/20/2016,847.6,742.13,737.1,741.19,"12,89,700"
7/21/2016,855.6,741.69,735.83,738.63,"10,26,300"
7/22/2016,846.35,743.24,736.56,742.74,"12,59,800"
7/25/2016,857.5,742.61,737.5,739.77,"10,32,400"
7/26/2016,857,741.69,734.27,738.42,"11,86,700"
7/27/2016,841.95,744.46,737,741.77,"15,12,500"
7/28/2016,820.3,748.65,739.3,745.91,"35,30,200"
7/29/2016,800.95,778.55,766.77,768.79,"38,41,500"
08-01-2016,831.45,780.43,761.09,772.88,"27,00,500"
08-02-2016,780.1,775.84,767.85,771.07,"17,84,500"
08-03-2016,781.55,773.21,766.82,773.18,"12,87,400"
08-04-2016,712.65,774.07,768.79,771.61,"11,40,300"
08-05-2016,711.9,783.04,772.34,782.22,"18,01,200"
08-08-2016,671.75,782.63,778.09,781.76,"11,07,900"
08-09-2016,636.85,788.94,780.57,784.26,"13,18,900"
08-10-2016,589.05,786.81,782.78,784.68,"7,86,400"
08-11-2016,573,789.75,782.97,784.85,"9,75,100"
08-12-2016,594.8,783.4,780.4,783.22,"7,40,500"
8/15/2016,581,787.49,780.11,782.44,"9,38,200"
8/16/2016,596.95,780.98,773.44,777.14,"10,28,000"
8/17/2016,630.3,780.81,773.53,779.91,"9,24,200"
8/18/2016,595.75,782.86,777,777.5,"7,19,400"
8/19/2016,577.8,777.1,773.13,775.42,"8,61,500"
8/22/2016,580.15,774.54,770.05,772.15,"9,51,400"
8/23/2016,594.25,776.44,771.78,772.08,"9,28,200"
8/24/2016,603.9,774.5,767.07,769.64,"10,72,000"
8/25/2016,605.75,771.89,763.18,769.41,"9,26,900"
8/26/2016,603.3,776.08,765.85,769.54,"11,66,700"
8/29/2016,605.15,774.99,766.61,772.15,"8,47,600"
8/30/2016,603.5,774.47,766.84,769.09,"11,30,000"
8/31/2016,611.95,769.09,765.38,767.05,"12,48,600"
09-01-2016,612.6,771.02,764.3,768.78,"9,25,100"
09-02-2016,602.4,773.92,768.41,771.46,"10,72,700"
09-06-2016,605.7,782,771,780.08,"14,42,800"
09-07-2016,599.5,782.73,776.2,780.35,"8,93,700"
09-08-2016,588.55,780.35,773.58,775.32,"12,70,300"
09-09-2016,576.6,773.24,759.66,759.66,"18,85,500"
09-12-2016,580.7,770.29,754,769.02,"13,11,000"
9/13/2016,573.5,766.22,755.8,759.69,"13,95,000"
9/14/2016,573.1,767.68,759.11,762.49,"10,87,400"
9/15/2016,566.25,773.8,759.96,771.76,"13,05,100"
9/16/2016,540.1,769.75,764.66,768.88,"20,49,300"
9/19/2016,525.6,774,764.44,765.7,"11,72,800"
9/20/2016,522.45,773.33,768.53,771.41,"9,78,600"
9/21/2016,509.8,777.16,768.3,776.22,"11,67,800"
9/22/2016,510.4,789.85,778.44,787.21,"14,86,200"
9/23/2016,516.4,788.93,784.15,786.9,"14,11,900"
9/26/2016,504.65,782.74,773.07,774.21,"15,33,200"
9/27/2016,497.65,785.99,774.31,783.01,"11,53,200"
9/28/2016,502.05,781.81,774.97,781.56,"11,09,800"
9/29/2016,501.65,785.8,774.23,775.01,"13,14,700"
9/30/2016,514.15,780.94,774.09,777.29,"15,85,300"
10-03-2016,535.4,776.07,769.5,772.56,"12,78,800"
10-04-2016,591.45,778.71,772.89,776.43,"12,01,400"
10-05-2016,600.7,782.07,775.65,776.47,"14,61,200"
10-06-2016,584.35,780.48,775.54,776.86,"10,70,700"
10-07-2016,579.4,779.66,770.75,775.08,"9,33,200"
10-10-2016,572.1,789.38,775.87,785.94,"11,74,900"
10-11-2016,571.05,792.28,780.58,783.07,"13,72,500"
10-12-2016,540.85,788.13,782.06,786.14,"9,37,400"
10/13/2016,542.8,781.22,773,778.19,"13,65,300"
10/14/2016,551.3,783.95,776,778.53,"8,52,500"
10/17/2016,562.35,785.85,777.5,779.96,"10,93,000"
10/18/2016,562.6,801.61,785.57,795.26,"20,56,900"
10/19/2016,559,804.6,798.03,801.5,"17,66,800"
10/20/2016,563.95,803.97,796.03,796.97,"17,57,500"
10/21/2016,542.6,799.5,794,799.37,"12,66,200"
10/24/2016,540.45,815.18,804.82,813.11,"16,97,500"
10/25/2016,526.5,816.68,805.14,807.67,"15,76,400"
10/26/2016,535.35,806.98,796.32,799.07,"16,47,700"
10/27/2016,555.4,803.49,791.5,795.35,"27,49,200"
10/28/2016,548.85,815.49,793.59,795.37,"42,69,900"
10/31/2016,555.5,796.86,784,784.54,"24,27,300"
11-01-2016,548.4,789.49,775.54,783.61,"24,06,400"
11-02-2016,550.05,781.65,763.45,768.7,"18,72,400"
11-03-2016,531.85,769.95,759.03,762.13,"19,43,200"
11-04-2016,522.4,770.36,750.56,762.02,"21,34,800"
11-07-2016,518.3,785.19,772.55,782.52,"15,85,100"
11-08-2016,530.35,795.63,780.19,790.51,"13,66,900"
11-09-2016,523.2,791.23,771.67,785.31,"26,07,100"
11-10-2016,505.75,791.17,752.18,762.56,"47,45,200"
11-11-2016,513.35,760.78,750.38,754.02,"24,31,800"
11/14/2016,516.45,757.85,727.54,736.08,"36,54,400"
11/15/2016,510.85,764.42,746.97,758.49,"23,84,000"
11/16/2016,517.05,766.36,750.51,764.48,"14,72,600"
11/17/2016,525.4,772.7,764.23,771.23,"13,04,000"
11/18/2016,575.2,775,760,760.54,"15,47,100"
11/21/2016,554.65,769.7,760.6,769.2,"13,30,600"
11/22/2016,555.5,776.96,767,768.27,"15,93,100"
11/23/2016,559.75,768.28,755.25,760.99,"14,78,400"
11/25/2016,552.05,765,760.52,761.68,"5,87,400"
11/28/2016,522.8,779.53,759.8,768.24,"21,88,200"
11/29/2016,514.45,778.5,768.24,770.84,"16,16,600"
11/30/2016,523.75,772.99,754.83,758.04,"23,92,900"
12-01-2016,540.8,759.85,737.03,747.92,"30,17,900"
12-02-2016,574.85,754,743.1,750.5,"14,52,500"
12-05-2016,567.25,763.9,752.9,762.52,"13,94,200"
12-06-2016,538.85,768.83,757.34,759.11,"16,90,700"
12-07-2016,524,771.36,755.8,771.19,"17,61,000"
12-08-2016,446.6,778.18,767.23,776.42,"14,88,100"
12-09-2016,446.4,789.43,779.02,789.29,"18,21,900"
12-12-2016,433.1,791.25,784.35,789.27,"21,04,100"
12/13/2016,482.9,804.38,793.34,796.1,"21,45,200"
12/14/2016,487.8,804,794.01,797.07,"17,04,200"
12/15/2016,483.65,803,792.92,797.85,"16,26,500"
12/16/2016,465.75,800.86,790.29,790.8,"24,43,800"
12/19/2016,464.4,797.66,786.27,794.2,"12,32,100"
12/20/2016,472.75,798.65,793.27,796.42,"9,51,000"
12/21/2016,447.4,796.68,787.1,794.56,"12,11,300"
12/22/2016,429.1,793.32,788.58,791.26,"9,72,200"
12/23/2016,443.4,792.74,787.28,789.91,"6,23,400"
12/27/2016,456,797.86,787.66,791.55,"7,89,100"
12/28/2016,452.55,794.23,783.2,785.05,"11,53,800"
12/29/2016,454.75,785.93,778.92,782.79,"7,44,300"
12/30/2016,463.85,782.78,770.41,771.82,"17,70,000"
